Workbook

Sheet Sheet2
A3: Sum of Sales | B3: Column Labels
A4: Row Labels | B4: 9.75 | C4: 12.5 | D4: 18 | E4: 27.25 | F4: 45 | G4: 60 | H4: Grand Total
A5: East | B5: 469.76 | C5: 534.02 | D5: 3891.11 | E5: 1579.55 | F5: 1422.81 | G5: 356.53 | H5: 8253.78
A6: North | B6: 325.19 | C6: 856.58 | D6: 1528.97 | E6: 2527.84 | F6: 3073.48 | G6: 1219.91 | H6: 9531.97
A7: South | B7: 716.68 | C7: 1507.24 | D7: 1605.88 | E7: 1461.64 | F7: 2712.04 | G7: 4963.02 | H7: 12966.5
A8: West | B8: 1042.78 | C8: 445.49 | D8: 1907.72 | E8: 2153.5 | F8: 1708.66 | G8: 7320.16 | H8: 14578.31
A9: Grand Total | B9: 2554.41 | C9: 3343.33 | D9: 8933.68 | E9: 7722.53 | F9: 8916.99 | G9: 13859.62 | H9: 45330.56

Sheet Sales Data
A1: Date | B1: Region | C1: Product | D1: Units Price | E1: Units | F1: Sales | H1: Region | I1: Price per Region | J1: Total of Region sales | K1: Total Sales
A2: 45405 | B2: West | C2: Widget A | D2: =VLOOKUP(C2,'Product Lookup'!A:B,2,FALSE) -> 12.5 | E2: 10 | F2: 125.57 | H2: West | I2: =SUMIFS(F:F,B:B,B2) -> 14578.31 | J2: =SUM(I2:I5) -> 45330.56 | K2: =SUM(F:F) -> 45330.56
A3: 45430 | B3: South | C3: Widget B | D3: =VLOOKUP(C3,'Product Lookup'!A:B,2,FALSE) -> 18 | E3: 27 | F3: 480.63 | H3: East | I3: =SUMIFS(F:F,B:B,B9) -> 8253.78
A4: 45435 | B4: South | C4: Gadget X | D4: =VLOOKUP(C4,'Product Lookup'!A:B,2,FALSE) -> 45 | E4: 15 | F4: 708.57 | H4: North | I4: =SUMIFS(F:F,B:B,B6) -> 9531.97
A5: 45380 | B5: West | C5: Tool Z | D5: =VLOOKUP(C5,'Product Lookup'!A:B,2,FALSE) -> 9.75 | E5: 8 | F5: 81.69 | H5: South | I5: =SUMIFS(F:F,B:B,B3) -> 12966.5
A6: 45394 | B6: North | C6: Gadget X | D6: =VLOOKUP(C6,'Product Lookup'!A:B,2,FALSE) -> 45 | E6: 23 | F6: 1049.64
A7: 45303 | B7: North | C7: Widget B | D7: =VLOOKUP(C7,'Product Lookup'!A:B,2,FALSE) -> 18 | E7: 7 | F7: 124.49
A8: 45495 | B8: North | C8: Tool Q | D8: =VLOOKUP(C8,'Product Lookup'!A:B,2,FALSE) -> 27.25 | E8: 24 | F8: 625.81
A9: 45351 | B9: East | C9: Widget A | D9: =VLOOKUP(C9,'Product Lookup'!A:B,2,FALSE) -> 12.5 | E9: 27 | F9: 334.38
A10: 45318 | B10: South | C10: Widget A | D10: =VLOOKUP(C10,'Product Lookup'!A:B,2,FALSE) -> 12.5 | E10: 6 | F10: 72.89
A11: 45455 | B11: East | C11: Widget B | D11: =VLOOKUP(C11,'Product Lookup'!A:B,2,FALSE) -> 18 | E11: 3 | F11: 55.65
A12: 45427 | B12: West | C12: Tool Q | D12: =VLOOKUP(C12,'Product Lookup'!A:B,2,FALSE) -> 27.25 | E12: 35 | F12: 977.68
A13: 45324 | B13: South | C13: Widget A | D13: =VLOOKUP(C13,'Product Lookup'!A:B,2,FALSE) -> 12.5 | E13: 28 | F13: 337.25
A14: 45319 | B14: North | C14: Tool Z | D14: =VLOOKUP(C14,'Product Lookup'!A:B,2,FALSE) -> 9.75 | E14: 14 | F14: 139.47
A15: 45375 | B15: South | C15: Gadget Y | D15: =VLOOKUP(C15,'Product Lookup'!A:B,2,FALSE) -> 60 | E15: 17 | F15: 1054.16
A16: 45361 | B16: South | C16: Tool Q | D16: =VLOOKUP(C16,'Product Lookup'!A:B,2,FALSE) -> 27.25 | E16: 35 | F16: 1011.52
A17: 45313 | B17: West | C17: Widget B | D17: =VLOOKUP(C17,'Product Lookup'!A:B,2,FALSE) -> 18 | E17: 31 | F17: 582.93
... A97: 45470 | B97: East | C97: Gadget Y | D97: =VLOOKUP(C97,'Product Lookup'!A:B,2,FALSE) -> 60 | E97: 25 | F97: 50.12

Sheet Product Lookup
A1: Product | B1: Price
A2: Widget A | B2: 12.5
A3: Widget B | B3: 18
A4: Gadget X | B4: 45
A5: Gadget Y | B5: 60
A6: Tool Z | B6: 9.75
A7: Tool Q | B7: 27.25
